Workbook

Sheet Read Me
B2: BI Dashboard Starter
B3: Built by Simran Tiwari — simrant.github.io
B5: This is the same KPI dashboard structure I use for client reporting. Plug in your own monthly numbers on the Monthly Data tab, and the whole Dashboard — scorecards, trend charts, and the color-coded summary table — updates itself.
B7: How to use it
B8: 1. Go to the Monthly Data tab and replace the sample numbers with your own — one row per month.
B9: 2. Only edit the pale-yellow cells (Revenue, New Customers, Churned Customers, Active Customers, Marketing Spend, Orders). Everything else is a formula — don't type over it.
B10: 3. To add a new month, insert a row above the last data row so the formulas and charts extend automatically.
B11: 4. The Dashboard tab reads live from Monthly Data. Nothing on Dashboard needs manual editing.
B12: 5. Green means the number moved the right direction month-over-month; red means it moved the wrong way. For churn and cost per customer, down is green — for revenue and active customers, up is green.
B14: What's inside
B15: • Monthly Data — your editable input tab, plus the formulas that turn raw numbers into KPIs
B16: • Dashboard — 5 KPI scorecards, 3 pre-built charts, and a color-coded monthly summary table
B19: Questions or want the next template in this series? simran.st1197@gmail.com

Sheet Monthly Data
A1: Month | B1: Revenue ($) | C1: New Customers | D1: Churned Customers | E1: Active Customers | F1: Marketing Spend ($) | G1: Orders | H1: Revenue MoM % | I1: Churn Rate | J1: CAC ($) | K1: AOV ($)
A2: Jan 2025 | B2: 41200 | C2: 310 | D2: 140 | E2: =3200+C2-D2 -> 3370 | F2: 9800 | G2: 1980 | I2: =D2/3200 -> 0.04375 | J2: =F2/C2 -> 31.612903 | K2: =B2/G2 -> 20.808081
A3: Feb 2025 | B3: 43500 | C3: 325 | D3: 132 | E3: =E2+C3-D3 -> 3563 | F3: 10200 | G3: 2050 | H3: =(B3-B2)/B2 -> 0.055825243 | I3: =D3/E2 -> 0.039169139 | J3: =F3/C3 -> 31.384615 | K3: =B3/G3 -> 21.219512
A4: Mar 2025 | B4: 45100 | C4: 298 | D4: 151 | E4: =E3+C4-D4 -> 3710 | F4: 9600 | G4: 2120 | H4: =(B4-B3)/B3 -> 0.036781609 | I4: =D4/E3 -> 0.042380017 | J4: =F4/C4 -> 32.214765 | K4: =B4/G4 -> 21.273585
A5: Apr 2025 | B5: 47800 | C5: 340 | D5: 128 | E5: =E4+C5-D5 -> 3922 | F5: 11000 | G5: 2240 | H5: =(B5-B4)/B4 -> 0.059866962 | I5: =D5/E4 -> 0.034501348 | J5: =F5/C5 -> 32.352941 | K5: =B5/G5 -> 21.339286
A6: May 2025 | B6: 46900 | C6: 315 | D6: 165 | E6: =E5+C6-D6 -> 4072 | F6: 10500 | G6: 2190 | H6: =(B6-B5)/B5 -> -0.018828452 | I6: =D6/E5 -> 0.042070372 | J6: =F6/C6 -> 33.333333 | K6: =B6/G6 -> 21.415525
A7: Jun 2025 | B7: 49200 | C7: 360 | D7: 140 | E7: =E6+C7-D7 -> 4292 | F7: 11800 | G7: 2310 | H7: =(B7-B6)/B6 -> 0.049040512 | I7: =D7/E6 -> 0.034381139 | J7: =F7/C7 -> 32.777778 | K7: =B7/G7 -> 21.298701
A8: Jul 2025 | B8: 52400 | C8: 388 | D8: 132 | E8: =E7+C8-D8 -> 4548 | F8: 12600 | G8: 2460 | H8: =(B8-B7)/B7 -> 0.06504065 | I8: =D8/E7 -> 0.030754893 | J8: =F8/C8 -> 32.474227 | K8: =B8/G8 -> 21.300813
A9: Aug 2025 | B9: 54100 | C9: 375 | D9: 158 | E9: =E8+C9-D9 -> 4765 | F9: 12200 | G9: 2540 | H9: =(B9-B8)/B8 -> 0.032442748 | I9: =D9/E8 -> 0.034740545 | J9: =F9/C9 -> 32.533333 | K9: =B9/G9 -> 21.299213
A10: Sep 2025 | B10: 53600 | C10: 340 | D10: 170 | E10: =E9+C10-D10 -> 4935 | F10: 11400 | G10: 2510 | H10: =(B10-B9)/B9 -> -0.0092421442 | I10: =D10/E9 -> 0.03567681 | J10: =F10/C10 -> 33.529412 | K10: =B10/G10 -> 21.354582
A11: Oct 2025 | B11: 57200 | C11: 410 | D11: 145 | E11: =E10+C11-D11 -> 5200 | F11: 13100 | G11: 2680 | H11: =(B11-B10)/B10 -> 0.067164179 | I11: =D11/E10 -> 0.029381966 | J11: =F11/C11 -> 31.95122 | K11: =B11/G11 -> 21.343284
A12: Nov 2025 | B12: 59800 | C12: 430 | D12: 138 | E12: =E11+C12-D12 -> 5492 | F12: 13800 | G12: 2790 | H12: =(B12-B11)/B11 -> 0.045454545 | I12: =D12/E11 -> 0.026538462 | J12: =F12/C12 -> 32.093023 | K12: =B12/G12 -> 21.433692
A13: Dec 2025 | B13: 63500 | C13: 455 | D13: 150 | E13: =E12+C13-D13 -> 5797 | F13: 14600 | G13: 2960 | H13: =(B13-B12)/B12 -> 0.06187291 | I13: =D13/E12 -> 0.027312454 | J13: =F13/C13 -> 32.087912 | K13: =B13/G13 -> 21.452703
A15: Pale yellow cells = edit these. Everything else is a formula.

Sheet Dashboard
B2: BI Dashboard Starter
B3: ="Reporting Period: "&'Monthly Data'!A13&" | vs. "&'Monthly Data'!A12 -> Reporting Period: Dec 2025 | vs. Nov 2025
B5: REVENUE | D5: ACTIVE CUSTOMERS | F5: CHURN RATE | H5: CAC | J5: AOV
B6: ='Monthly Data'!B13 -> 63500 | D6: ='Monthly Data'!E13 -> 5797 | F6: ='Monthly Data'!I13 -> 0.027312454 | H6: ='Monthly Data'!J13 -> 32.087912 | J6: ='Monthly Data'!K13 -> 21.452703
B7: ='Monthly Data'!H13 -> 0.06187291 | D7: =('Monthly Data'!E13-'Monthly Data'!E12)/'Monthly Data'!E12 -> 0.055535324 | F7: ='Monthly Data'!I13-'Monthly Data'!I12 -> 0.00077399294 | H7: =('Monthly Data'!J13-'Monthly Data'!J12)/'Monthly Data'!J12 -> -0.00015926103 | J7: =('Monthly Data'!K13-'Monthly Data'!K12)/'Monthly Data'!K12 -> 0.00088696556
B42: Monthly Summary
B43: Month | C43: Revenue | D43: Rev MoM % | E43: Active Customers | F43: Churn Rate | G43: CAC
B44: ='Monthly Data'!A2 -> Jan 2025 | C44: ='Monthly Data'!B2 -> 41200 | D44: =IF('Monthly Data'!H2="","",'Monthly Data'!H2) | E44: ='Monthly Data'!E2 -> 3370 | F44: ='Monthly Data'!I2 -> 0.04375 | G44: ='Monthly Data'!J2 -> 31.612903
B45: ='Monthly Data'!A3 -> Feb 2025 | C45: ='Monthly Data'!B3 -> 43500 | D45: =IF('Monthly Data'!H3="","",'Monthly Data'!H3) -> 0.055825243 | E45: ='Monthly Data'!E3 -> 3563 | F45: ='Monthly Data'!I3 -> 0.039169139 | G45: ='Monthly Data'!J3 -> 31.384615
B46: ='Monthly Data'!A4 -> Mar 2025 | C46: ='Monthly Data'!B4 -> 45100 | D46: =IF('Monthly Data'!H4="","",'Monthly Data'!H4) -> 0.036781609 | E46: ='Monthly Data'!E4 -> 3710 | F46: ='Monthly Data'!I4 -> 0.042380017 | G46: ='Monthly Data'!J4 -> 32.214765
B47: ='Monthly Data'!A5 -> Apr 2025 | C47: ='Monthly Data'!B5 -> 47800 | D47: =IF('Monthly Data'!H5="","",'Monthly Data'!H5) -> 0.059866962 | E47: ='Monthly Data'!E5 -> 3922 | F47: ='Monthly Data'!I5 -> 0.034501348 | G47: ='Monthly Data'!J5 -> 32.352941
B48: ='Monthly Data'!A6 -> May 2025 | C48: ='Monthly Data'!B6 -> 46900 | D48: =IF('Monthly Data'!H6="","",'Monthly Data'!H6) -> -0.018828452 | E48: ='Monthly Data'!E6 -> 4072 | F48: ='Monthly Data'!I6 -> 0.042070372 | G48: ='Monthly Data'!J6 -> 33.333333
B49: ='Monthly Data'!A7 -> Jun 2025 | C49: ='Monthly Data'!B7 -> 49200 | D49: =IF('Monthly Data'!H7="","",'Monthly Data'!H7) -> 0.049040512 | E49: ='Monthly Data'!E7 -> 4292 | F49: ='Monthly Data'!I7 -> 0.034381139 | G49: ='Monthly Data'!J7 -> 32.777778
B50: ='Monthly Data'!A8 -> Jul 2025 | C50: ='Monthly Data'!B8 -> 52400 | D50: =IF('Monthly Data'!H8="","",'Monthly Data'!H8) -> 0.06504065 | E50: ='Monthly Data'!E8 -> 4548 | F50: ='Monthly Data'!I8 -> 0.030754893 | G50: ='Monthly Data'!J8 -> 32.474227
B51: ='Monthly Data'!A9 -> Aug 2025 | C51: ='Monthly Data'!B9 -> 54100 | D51: =IF('Monthly Data'!H9="","",'Monthly Data'!H9) -> 0.032442748 | E51: ='Monthly Data'!E9 -> 4765 | F51: ='Monthly Data'!I9 -> 0.034740545 | G51: ='Monthly Data'!J9 -> 32.533333
B52: ='Monthly Data'!A10 -> Sep 2025 | C52: ='Monthly Data'!B10 -> 53600 | D52: =IF('Monthly Data'!H10="","",'Monthly Data'!H10) -> -0.0092421442 | E52: ='Monthly Data'!E10 -> 4935 | F52: ='Monthly Data'!I10 -> 0.03567681 | G52: ='Monthly Data'!J10 -> 33.529412
B53: ='Monthly Data'!A11 -> Oct 2025 | C53: ='Monthly Data'!B11 -> 57200 | D53: =IF('Monthly Data'!H11="","",'Monthly Data'!H11) -> 0.067164179 | E53: ='Monthly Data'!E11 -> 5200 | F53: ='Monthly Data'!I11 -> 0.029381966 | G53: ='Monthly Data'!J11 -> 31.95122
B54: ='Monthly Data'!A12 -> Nov 2025 | C54: ='Monthly Data'!B12 -> 59800 | D54: =IF('Monthly Data'!H12="","",'Monthly Data'!H12) -> 0.045454545 | E54: ='Monthly Data'!E12 -> 5492 | F54: ='Monthly Data'!I12 -> 0.026538462 | G54: ='Monthly Data'!J12 -> 32.093023
B55: ='Monthly Data'!A13 -> Dec 2025 | C55: ='Monthly Data'!B13 -> 63500 | D55: =IF('Monthly Data'!H13="","",'Monthly Data'!H13) -> 0.06187291 | E55: ='Monthly Data'!E13 -> 5797 | F55: ='Monthly Data'!I13 -> 0.027312454 | G55: ='Monthly Data'!J13 -> 32.087912
