Workbook

Sheet Cover
B2: SIMRAN'S SPACE · TEMPLATES
B4: BI Dashboard Starter Pack
B7: A modern executive dashboard template — KPI cards, charts, filters, and a light + dark theme, ready to customize with your own data.
B10: WHAT'S INSIDE
B11: ◆ | C11: A sample dataset — 144 rows, 12 months x 4 regions x 3 product lines
B12: ◆ | C12: Dashboard (Light) — KPI cards, filters, 3 charts, a Top 5 insight table
B13: ◆ | C13: Dashboard (Dark) — the exact same dashboard, restyled for a dark theme
B14: ◆ | C14: Two live filters (Region + Product) that drive every card and chart at once
B15: ◆ | C15: Beginner-friendly Read Me with a 5-minute setup walkthrough
B18: MORE DASHBOARD PAGE IDEAS
B19: Once you're comfortable with the layout, duplicate the Dashboard tab to build: a Sales Deep-Dive (rep-level detail + pipeline stages), a Marketing Funnel view (spend -> leads -> conversions), or an Ops/Fulfillment view (lead time + on-time %). The Read Me tab walks through adapting the filters and charts for each.
B23: Built by Simran Tiwari — simrant.github.io

Sheet Read Me
B2: How to use this template
B4: 1. Replace the sample data
B5: Open the Sample Data tab and replace the rows with your own — keep the same column headers (Date, Region, Product, Revenue, Units Sold, New Customers, Marketing Spend, Satisfaction %) and everything downstream updates automatically.
B7: 2. Use the filters
B8: On either Dashboard tab, the two dropdowns near the top (Region, Product) control every KPI card and chart on that page at once. Pick "All" on either one to remove that filter.
B10: 3. Pick a theme
B11: Dashboard (Light) and Dashboard (Dark) are the identical dashboard, restyled. Delete whichever one you don't need, or keep both and let viewers pick.'
B13: 4. Customize the KPI cards
B14: Each KPI card is a formula referencing Sample Data and the two filter cells — open one to see exactly how it's built, then copy the pattern for a metric of your own.
B16: 5. Open in Google Sheets
B17: File -> Import -> Upload. Every formula here uses standard SUMPRODUCT/INDEX/MATCH logic, not Excel-only array formulas, so it imports cleanly with nothing to fix.
B19: Why this one's different
B20: Most free dashboard templates give you charts wired to static numbers, and a dark-mode version means starting over from scratch. This one ships both themes built on the same formulas, and every chart is filter-aware from the start — change the dropdown once, everything on the page updates together.

Sheet Sample Data
A1: Date | B1: Region | C1: Product | D1: Revenue | E1: Units Sold | F1: New Customers | G1: Marketing Spend | H1: Satisfaction % | I1: Rank
A2: 45658 | B2: North America | C2: Software | D2: 51700 | E2: 269 | F2: 20 | G2: 15260 | H2: 84.7 | I2: =RANK(D2,$D$2:$D$145)+COUNTIF($D$2:D2,D2)-1 -> 14
A3: 45658 | B3: North America | C3: Hardware | D3: 34300 | E3: 186 | F3: 12 | G3: 10400 | H3: 82.7 | I3: =RANK(D3,$D$2:$D$145)+COUNTIF($D$2:D3,D3)-1 -> 61
A4: 45658 | B4: North America | C4: Services | D4: 36600 | E4: 195 | F4: 12 | G4: 6840 | H4: 76.5 | I4: =RANK(D4,$D$2:$D$145)+COUNTIF($D$2:D4,D4)-1 -> 55
A5: 45658 | B5: Europe | C5: Software | D5: 37000 | E5: 161 | F5: 14 | G5: 7870 | H5: 81.9 | I5: =RANK(D5,$D$2:$D$145)+COUNTIF($D$2:D5,D5)-1 -> 51
A6: 45658 | B6: Europe | C6: Hardware | D6: 30100 | E6: 164 | F6: 14 | G6: 7610 | H6: 76.9 | I6: =RANK(D6,$D$2:$D$145)+COUNTIF($D$2:D6,D6)-1 -> 80
A7: 45658 | B7: Europe | C7: Services | D7: 27400 | E7: 134 | F7: 11 | G7: 7470 | H7: 85.6 | I7: =RANK(D7,$D$2:$D$145)+COUNTIF($D$2:D7,D7)-1 -> 87
A8: 45658 | B8: APAC | C8: Software | D8: 36600 | E8: 174 | F8: 12 | G8: 10880 | H8: 75.2 | I8: =RANK(D8,$D$2:$D$145)+COUNTIF($D$2:D8,D8)-1 -> 56
A9: 45658 | B9: APAC | C9: Hardware | D9: 20900 | E9: 89 | F9: 5 | G9: 5200 | H9: 85.7 | I9: =RANK(D9,$D$2:$D$145)+COUNTIF($D$2:D9,D9)-1 -> 114
A10: 45658 | B10: APAC | C10: Services | D10: 26600 | E10: 130 | F10: 10 | G10: 5300 | H10: 78.9 | I10: =RANK(D10,$D$2:$D$145)+COUNTIF($D$2:D10,D10)-1 -> 89
A11: 45658 | B11: LATAM | C11: Software | D11: 19900 | E11: 90 | F11: 8 | G11: 3900 | H11: 79.8 | I11: =RANK(D11,$D$2:$D$145)+COUNTIF($D$2:D11,D11)-1 -> 117
A12: 45658 | B12: LATAM | C12: Hardware | D12: 14600 | E12: 77 | F12: 5 | G12: 2820 | H12: 77 | I12: =RANK(D12,$D$2:$D$145)+COUNTIF($D$2:D12,D12)-1 -> 136
A13: 45658 | B13: LATAM | C13: Services | D13: 15000 | E13: 82 | F13: 6 | G13: 2890 | H13: 85.5 | I13: =RANK(D13,$D$2:$D$145)+COUNTIF($D$2:D13,D13)-1 -> 132
... A145: 45992 | B145: LATAM | C145: Services | D145: 20400 | E145: 93 | F145: 5 | G145: 5400 | H145: 82.3 | I145: =RANK(D145,$D$2:$D$145)+COUNTIF($D$2:D145,D145)-1 -> 116

Sheet Dashboard (Light)
K1: Month | L1: Revenue | N1: Region | O1: Revenue | Q1: Product | R1: Revenue
B2: Executive Dashboard | K2: 45658 | L2: =SUMPRODUCT(('Sample Data'!$A$2:$A$145=K2)*(('Sample Data'!$B$2:$B$145=$B$6)+($B$6="All")>0)*(('Sample Data'!$C$2:$C$145=$E$6)+($E$6="All")>0)*'Sample Data'!$D$2:$D$145) -> 350700 | N2: North America | O2: =SUMPRODUCT(('Sample Data'!$B$2:$B$145=N2)*(('Sample Data'!$C$2:$C$145=$E$6)+($E$6="All")>0)*'Sample Data'!$D$2:$D$145) -> 1682800 | Q2: Software | R2: =SUMPRODUCT(('Sample Data'!$C$2:$C$145=Q2)*(('Sample Data'!$B$2:$B$145=$B$6)+($B$6="All")>0)*'Sample Data'!$D$2:$D$145) -> 1937500
B3: Revenue, growth, and customer health — live from the Sample Data tab | K3: 45689 | L3: =SUMPRODUCT(('Sample Data'!$A$2:$A$145=K3)*(('Sample Data'!$B$2:$B$145=$B$6)+($B$6="All")>0)*(('Sample Data'!$C$2:$C$145=$E$6)+($E$6="All")>0)*'Sample Data'!$D$2:$D$145) -> 356800 | N3: Europe | O3: =SUMPRODUCT(('Sample Data'!$B$2:$B$145=N3)*(('Sample Data'!$C$2:$C$145=$E$6)+($E$6="All")>0)*'Sample Data'!$D$2:$D$145) -> 1258800 | Q3: Hardware | R3: =SUMPRODUCT(('Sample Data'!$C$2:$C$145=Q3)*(('Sample Data'!$B$2:$B$145=$B$6)+($B$6="All")>0)*'Sample Data'!$D$2:$D$145) -> 1276200
K4: 45717 | L4: =SUMPRODUCT(('Sample Data'!$A$2:$A$145=K4)*(('Sample Data'!$B$2:$B$145=$B$6)+($B$6="All")>0)*(('Sample Data'!$C$2:$C$145=$E$6)+($E$6="All")>0)*'Sample Data'!$D$2:$D$145) -> 373800 | N4: APAC | O4: =SUMPRODUCT(('Sample Data'!$B$2:$B$145=N4)*(('Sample Data'!$C$2:$C$145=$E$6)+($E$6="All")>0)*'Sample Data'!$D$2:$D$145) -> 1117900 | Q4: Services | R4: =SUMPRODUCT(('Sample Data'!$C$2:$C$145=Q4)*(('Sample Data'!$B$2:$B$145=$B$6)+($B$6="All")>0)*'Sample Data'!$D$2:$D$145) -> 1483600
B5: Region | E5: Product | K5: 45748 | L5: =SUMPRODUCT(('Sample Data'!$A$2:$A$145=K5)*(('Sample Data'!$B$2:$B$145=$B$6)+($B$6="All")>0)*(('Sample Data'!$C$2:$C$145=$E$6)+($E$6="All")>0)*'Sample Data'!$D$2:$D$145) -> 369600 | N5: LATAM | O5: =SUMPRODUCT(('Sample Data'!$B$2:$B$145=N5)*(('Sample Data'!$C$2:$C$145=$E$6)+($E$6="All")>0)*'Sample Data'!$D$2:$D$145) -> 637800
B6: All | E6: All | K6: 45778 | L6: =SUMPRODUCT(('Sample Data'!$A$2:$A$145=K6)*(('Sample Data'!$B$2:$B$145=$B$6)+($B$6="All")>0)*(('Sample Data'!$C$2:$C$145=$E$6)+($E$6="All")>0)*'Sample Data'!$D$2:$D$145) -> 389100
K7: 45809 | L7: =SUMPRODUCT(('Sample Data'!$A$2:$A$145=K7)*(('Sample Data'!$B$2:$B$145=$B$6)+($B$6="All")>0)*(('Sample Data'!$C$2:$C$145=$E$6)+($E$6="All")>0)*'Sample Data'!$D$2:$D$145) -> 388300
B8: Total Revenue | C8: Units Sold | D8: New Customers | E8: Avg Satisfaction | F8: Marketing ROI | K8: 45839 | L8: =SUMPRODUCT(('Sample Data'!$A$2:$A$145=K8)*(('Sample Data'!$B$2:$B$145=$B$6)+($B$6="All")>0)*(('Sample Data'!$C$2:$C$145=$E$6)+($E$6="All")>0)*'Sample Data'!$D$2:$D$145) -> 389900
B9: =SUMPRODUCT((('Sample Data'!$B$2:$B$145=$B$6)+($B$6="All")>0)*(('Sample Data'!$C$2:$C$145=$E$6)+($E$6="All")>0)*'Sample Data'!$D$2:$D$145) -> 4697300 | C9: =SUMPRODUCT((('Sample Data'!$B$2:$B$145=$B$6)+($B$6="All")>0)*(('Sample Data'!$C$2:$C$145=$E$6)+($E$6="All")>0)*'Sample Data'!$E$2:$E$145) -> 22036 | D9: =SUMPRODUCT((('Sample Data'!$B$2:$B$145=$B$6)+($B$6="All")>0)*(('Sample Data'!$C$2:$C$145=$E$6)+($E$6="All")>0)*'Sample Data'!$F$2:$F$145) -> 1425 | E9: =SUMPRODUCT((('Sample Data'!$B$2:$B$145=$B$6)+($B$6="All")>0)*(('Sample Data'!$C$2:$C$145=$E$6)+($E$6="All")>0)*'Sample Data'!$H$2:$H$145)/SUMPRODUCT((('Sample Data'!$B$2:$B$145=$B$6)+($B$6="All")>0)*(('Sample Data'!$C$2:$C$145=$E$6)+($E$6="All")>0)*1) -> 83.615972 | F9: =SUMPRODUCT((('Sample Data'!$B$2:$B$145=$B$6)+($B$6="All")>0)*(('Sample Data'!$C$2:$C$145=$E$6)+($E$6="All")>0)*'Sample Data'!$D$2:$D$145)/SUMPRODUCT((('Sample Data'!$B$2:$B$145=$B$6)+($B$6="All")>0)*(('Sample Data'!$C$2:$C$145=$E$6)+($E$6="All")>0)*'Sample Data'!$G$2:$G$145) -> 4.3278728 | K9: 45870 | L9: =SUMPRODUCT(('Sample Data'!$A$2:$A$145=K9)*(('Sample Data'!$B$2:$B$145=$B$6)+($B$6="All")>0)*(('Sample Data'!$C$2:$C$145=$E$6)+($E$6="All")>0)*'Sample Data'!$D$2:$D$145) -> 393500
K10: 45901 | L10: =SUMPRODUCT(('Sample Data'!$A$2:$A$145=K10)*(('Sample Data'!$B$2:$B$145=$B$6)+($B$6="All")>0)*(('Sample Data'!$C$2:$C$145=$E$6)+($E$6="All")>0)*'Sample Data'!$D$2:$D$145) -> 422700
K11: 45931 | L11: =SUMPRODUCT(('Sample Data'!$A$2:$A$145=K11)*(('Sample Data'!$B$2:$B$145=$B$6)+($B$6="All")>0)*(('Sample Data'!$C$2:$C$145=$E$6)+($E$6="All")>0)*'Sample Data'!$D$2:$D$145) -> 418100
K12: 45962 | L12: =SUMPRODUCT(('Sample Data'!$A$2:$A$145=K12)*(('Sample Data'!$B$2:$B$145=$B$6)+($B$6="All")>0)*(('Sample Data'!$C$2:$C$145=$E$6)+($E$6="All")>0)*'Sample Data'!$D$2:$D$145) -> 405500
K13: 45992 | L13: =SUMPRODUCT(('Sample Data'!$A$2:$A$145=K13)*(('Sample Data'!$B$2:$B$145=$B$6)+($B$6="All")>0)*(('Sample Data'!$C$2:$C$145=$E$6)+($E$6="All")>0)*'Sample Data'!$D$2:$D$145) -> 439300
B29: Top 5 rows by revenue
B31: Month | C31: Region | D31: Product | E31: Revenue
B32: =INDEX('Sample Data'!$A$2:$A$145,MATCH(1,'Sample Data'!$I$2:$I$145,0)) -> 45901 | C32: =INDEX('Sample Data'!$B$2:$B$145,MATCH(1,'Sample Data'!$I$2:$I$145,0)) -> North America | D32: =INDEX('Sample Data'!$C$2:$C$145,MATCH(1,'Sample Data'!$I$2:$I$145,0)) -> Software | E32: =INDEX('Sample Data'!$D$2:$D$145,MATCH(1,'Sample Data'!$I$2:$I$145,0)) -> 65400
B33: =INDEX('Sample Data'!$A$2:$A$145,MATCH(2,'Sample Data'!$I$2:$I$145,0)) -> 45992 | C33: =INDEX('Sample Data'!$B$2:$B$145,MATCH(2,'Sample Data'!$I$2:$I$145,0)) -> North America | D33: =INDEX('Sample Data'!$C$2:$C$145,MATCH(2,'Sample Data'!$I$2:$I$145,0)) -> Software | E33: =INDEX('Sample Data'!$D$2:$D$145,MATCH(2,'Sample Data'!$I$2:$I$145,0)) -> 64600
B34: =INDEX('Sample Data'!$A$2:$A$145,MATCH(3,'Sample Data'!$I$2:$I$145,0)) -> 45689 | C34: =INDEX('Sample Data'!$B$2:$B$145,MATCH(3,'Sample Data'!$I$2:$I$145,0)) -> North America | D34: =INDEX('Sample Data'!$C$2:$C$145,MATCH(3,'Sample Data'!$I$2:$I$145,0)) -> Software | E34: =INDEX('Sample Data'!$D$2:$D$145,MATCH(3,'Sample Data'!$I$2:$I$145,0)) -> 61800
B35: =INDEX('Sample Data'!$A$2:$A$145,MATCH(4,'Sample Data'!$I$2:$I$145,0)) -> 45870 | C35: =INDEX('Sample Data'!$B$2:$B$145,MATCH(4,'Sample Data'!$I$2:$I$145,0)) -> North America | D35: =INDEX('Sample Data'!$C$2:$C$145,MATCH(4,'Sample Data'!$I$2:$I$145,0)) -> Software | E35: =INDEX('Sample Data'!$D$2:$D$145,MATCH(4,'Sample Data'!$I$2:$I$145,0)) -> 58000
B36: =INDEX('Sample Data'!$A$2:$A$145,MATCH(5,'Sample Data'!$I$2:$I$145,0)) -> 45962 | C36: =INDEX('Sample Data'!$B$2:$B$145,MATCH(5,'Sample Data'!$I$2:$I$145,0)) -> North America | D36: =INDEX('Sample Data'!$C$2:$C$145,MATCH(5,'Sample Data'!$I$2:$I$145,0)) -> Software | E36: =INDEX('Sample Data'!$D$2:$D$145,MATCH(5,'Sample Data'!$I$2:$I$145,0)) -> 58000

Sheet Dashboard (Dark)
K1: Month | L1: Revenue | N1: Region | O1: Revenue | Q1: Product | R1: Revenue
B2: Executive Dashboard | K2: 45658 | L2: =SUMPRODUCT(('Sample Data'!$A$2:$A$145=K2)*(('Sample Data'!$B$2:$B$145=$B$6)+($B$6="All")>0)*(('Sample Data'!$C$2:$C$145=$E$6)+($E$6="All")>0)*'Sample Data'!$D$2:$D$145) -> 350700 | N2: North America | O2: =SUMPRODUCT(('Sample Data'!$B$2:$B$145=N2)*(('Sample Data'!$C$2:$C$145=$E$6)+($E$6="All")>0)*'Sample Data'!$D$2:$D$145) -> 1682800 | Q2: Software | R2: =SUMPRODUCT(('Sample Data'!$C$2:$C$145=Q2)*(('Sample Data'!$B$2:$B$145=$B$6)+($B$6="All")>0)*'Sample Data'!$D$2:$D$145) -> 1937500
B3: Revenue, growth, and customer health — live from the Sample Data tab | K3: 45689 | L3: =SUMPRODUCT(('Sample Data'!$A$2:$A$145=K3)*(('Sample Data'!$B$2:$B$145=$B$6)+($B$6="All")>0)*(('Sample Data'!$C$2:$C$145=$E$6)+($E$6="All")>0)*'Sample Data'!$D$2:$D$145) -> 356800 | N3: Europe | O3: =SUMPRODUCT(('Sample Data'!$B$2:$B$145=N3)*(('Sample Data'!$C$2:$C$145=$E$6)+($E$6="All")>0)*'Sample Data'!$D$2:$D$145) -> 1258800 | Q3: Hardware | R3: =SUMPRODUCT(('Sample Data'!$C$2:$C$145=Q3)*(('Sample Data'!$B$2:$B$145=$B$6)+($B$6="All")>0)*'Sample Data'!$D$2:$D$145) -> 1276200
K4: 45717 | L4: =SUMPRODUCT(('Sample Data'!$A$2:$A$145=K4)*(('Sample Data'!$B$2:$B$145=$B$6)+($B$6="All")>0)*(('Sample Data'!$C$2:$C$145=$E$6)+($E$6="All")>0)*'Sample Data'!$D$2:$D$145) -> 373800 | N4: APAC | O4: =SUMPRODUCT(('Sample Data'!$B$2:$B$145=N4)*(('Sample Data'!$C$2:$C$145=$E$6)+($E$6="All")>0)*'Sample Data'!$D$2:$D$145) -> 1117900 | Q4: Services | R4: =SUMPRODUCT(('Sample Data'!$C$2:$C$145=Q4)*(('Sample Data'!$B$2:$B$145=$B$6)+($B$6="All")>0)*'Sample Data'!$D$2:$D$145) -> 1483600
B5: Region | E5: Product | K5: 45748 | L5: =SUMPRODUCT(('Sample Data'!$A$2:$A$145=K5)*(('Sample Data'!$B$2:$B$145=$B$6)+($B$6="All")>0)*(('Sample Data'!$C$2:$C$145=$E$6)+($E$6="All")>0)*'Sample Data'!$D$2:$D$145) -> 369600 | N5: LATAM | O5: =SUMPRODUCT(('Sample Data'!$B$2:$B$145=N5)*(('Sample Data'!$C$2:$C$145=$E$6)+($E$6="All")>0)*'Sample Data'!$D$2:$D$145) -> 637800
B6: All | E6: All | K6: 45778 | L6: =SUMPRODUCT(('Sample Data'!$A$2:$A$145=K6)*(('Sample Data'!$B$2:$B$145=$B$6)+($B$6="All")>0)*(('Sample Data'!$C$2:$C$145=$E$6)+($E$6="All")>0)*'Sample Data'!$D$2:$D$145) -> 389100
K7: 45809 | L7: =SUMPRODUCT(('Sample Data'!$A$2:$A$145=K7)*(('Sample Data'!$B$2:$B$145=$B$6)+($B$6="All")>0)*(('Sample Data'!$C$2:$C$145=$E$6)+($E$6="All")>0)*'Sample Data'!$D$2:$D$145) -> 388300
B8: Total Revenue | C8: Units Sold | D8: New Customers | E8: Avg Satisfaction | F8: Marketing ROI | K8: 45839 | L8: =SUMPRODUCT(('Sample Data'!$A$2:$A$145=K8)*(('Sample Data'!$B$2:$B$145=$B$6)+($B$6="All")>0)*(('Sample Data'!$C$2:$C$145=$E$6)+($E$6="All")>0)*'Sample Data'!$D$2:$D$145) -> 389900
B9: =SUMPRODUCT((('Sample Data'!$B$2:$B$145=$B$6)+($B$6="All")>0)*(('Sample Data'!$C$2:$C$145=$E$6)+($E$6="All")>0)*'Sample Data'!$D$2:$D$145) -> 4697300 | C9: =SUMPRODUCT((('Sample Data'!$B$2:$B$145=$B$6)+($B$6="All")>0)*(('Sample Data'!$C$2:$C$145=$E$6)+($E$6="All")>0)*'Sample Data'!$E$2:$E$145) -> 22036 | D9: =SUMPRODUCT((('Sample Data'!$B$2:$B$145=$B$6)+($B$6="All")>0)*(('Sample Data'!$C$2:$C$145=$E$6)+($E$6="All")>0)*'Sample Data'!$F$2:$F$145) -> 1425 | E9: =SUMPRODUCT((('Sample Data'!$B$2:$B$145=$B$6)+($B$6="All")>0)*(('Sample Data'!$C$2:$C$145=$E$6)+($E$6="All")>0)*'Sample Data'!$H$2:$H$145)/SUMPRODUCT((('Sample Data'!$B$2:$B$145=$B$6)+($B$6="All")>0)*(('Sample Data'!$C$2:$C$145=$E$6)+($E$6="All")>0)*1) -> 83.615972 | F9: =SUMPRODUCT((('Sample Data'!$B$2:$B$145=$B$6)+($B$6="All")>0)*(('Sample Data'!$C$2:$C$145=$E$6)+($E$6="All")>0)*'Sample Data'!$D$2:$D$145)/SUMPRODUCT((('Sample Data'!$B$2:$B$145=$B$6)+($B$6="All")>0)*(('Sample Data'!$C$2:$C$145=$E$6)+($E$6="All")>0)*'Sample Data'!$G$2:$G$145) -> 4.3278728 | K9: 45870 | L9: =SUMPRODUCT(('Sample Data'!$A$2:$A$145=K9)*(('Sample Data'!$B$2:$B$145=$B$6)+($B$6="All")>0)*(('Sample Data'!$C$2:$C$145=$E$6)+($E$6="All")>0)*'Sample Data'!$D$2:$D$145) -> 393500
K10: 45901 | L10: =SUMPRODUCT(('Sample Data'!$A$2:$A$145=K10)*(('Sample Data'!$B$2:$B$145=$B$6)+($B$6="All")>0)*(('Sample Data'!$C$2:$C$145=$E$6)+($E$6="All")>0)*'Sample Data'!$D$2:$D$145) -> 422700
K11: 45931 | L11: =SUMPRODUCT(('Sample Data'!$A$2:$A$145=K11)*(('Sample Data'!$B$2:$B$145=$B$6)+($B$6="All")>0)*(('Sample Data'!$C$2:$C$145=$E$6)+($E$6="All")>0)*'Sample Data'!$D$2:$D$145) -> 418100
K12: 45962 | L12: =SUMPRODUCT(('Sample Data'!$A$2:$A$145=K12)*(('Sample Data'!$B$2:$B$145=$B$6)+($B$6="All")>0)*(('Sample Data'!$C$2:$C$145=$E$6)+($E$6="All")>0)*'Sample Data'!$D$2:$D$145) -> 405500
K13: 45992 | L13: =SUMPRODUCT(('Sample Data'!$A$2:$A$145=K13)*(('Sample Data'!$B$2:$B$145=$B$6)+($B$6="All")>0)*(('Sample Data'!$C$2:$C$145=$E$6)+($E$6="All")>0)*'Sample Data'!$D$2:$D$145) -> 439300
B29: Top 5 rows by revenue
B31: Month | C31: Region | D31: Product | E31: Revenue
B32: =INDEX('Sample Data'!$A$2:$A$145,MATCH(1,'Sample Data'!$I$2:$I$145,0)) -> 45901 | C32: =INDEX('Sample Data'!$B$2:$B$145,MATCH(1,'Sample Data'!$I$2:$I$145,0)) -> North America | D32: =INDEX('Sample Data'!$C$2:$C$145,MATCH(1,'Sample Data'!$I$2:$I$145,0)) -> Software | E32: =INDEX('Sample Data'!$D$2:$D$145,MATCH(1,'Sample Data'!$I$2:$I$145,0)) -> 65400
B33: =INDEX('Sample Data'!$A$2:$A$145,MATCH(2,'Sample Data'!$I$2:$I$145,0)) -> 45992 | C33: =INDEX('Sample Data'!$B$2:$B$145,MATCH(2,'Sample Data'!$I$2:$I$145,0)) -> North America | D33: =INDEX('Sample Data'!$C$2:$C$145,MATCH(2,'Sample Data'!$I$2:$I$145,0)) -> Software | E33: =INDEX('Sample Data'!$D$2:$D$145,MATCH(2,'Sample Data'!$I$2:$I$145,0)) -> 64600
B34: =INDEX('Sample Data'!$A$2:$A$145,MATCH(3,'Sample Data'!$I$2:$I$145,0)) -> 45689 | C34: =INDEX('Sample Data'!$B$2:$B$145,MATCH(3,'Sample Data'!$I$2:$I$145,0)) -> North America | D34: =INDEX('Sample Data'!$C$2:$C$145,MATCH(3,'Sample Data'!$I$2:$I$145,0)) -> Software | E34: =INDEX('Sample Data'!$D$2:$D$145,MATCH(3,'Sample Data'!$I$2:$I$145,0)) -> 61800
B35: =INDEX('Sample Data'!$A$2:$A$145,MATCH(4,'Sample Data'!$I$2:$I$145,0)) -> 45870 | C35: =INDEX('Sample Data'!$B$2:$B$145,MATCH(4,'Sample Data'!$I$2:$I$145,0)) -> North America | D35: =INDEX('Sample Data'!$C$2:$C$145,MATCH(4,'Sample Data'!$I$2:$I$145,0)) -> Software | E35: =INDEX('Sample Data'!$D$2:$D$145,MATCH(4,'Sample Data'!$I$2:$I$145,0)) -> 58000
B36: =INDEX('Sample Data'!$A$2:$A$145,MATCH(5,'Sample Data'!$I$2:$I$145,0)) -> 45962 | C36: =INDEX('Sample Data'!$B$2:$B$145,MATCH(5,'Sample Data'!$I$2:$I$145,0)) -> North America | D36: =INDEX('Sample Data'!$C$2:$C$145,MATCH(5,'Sample Data'!$I$2:$I$145,0)) -> Software | E36: =INDEX('Sample Data'!$D$2:$D$145,MATCH(5,'Sample Data'!$I$2:$I$145,0)) -> 58000
