Workbook

Sheet Cover
B2: SIMRAN'S SPACE · TEMPLATES
B4: Impact Analysis Template
B7: A reusable framework for analyzing product launches, experiments, and feature releases — from hypothesis to executive summary, with AI-ready export prompts.
B10: WHAT'S INSIDE
B11: ◆ | C11: Project Details — hypothesis, owner, and success metrics in one place
B12: ◆ | C12: Release Timeline — phase-by-phase status with color-coded tracking
B13: ◆ | C13: KPI Tracking + Before vs. After Comparison, both formula-driven
B14: ◆ | C14: Weekly Trends chart, Insights, Risks, and Recommendations logs
B15: ◆ | C15: Executive Summary that pulls its numbers live from your data
B16: ◆ | C16: An AI Prompts tab — copy-ready prompts for ChatGPT or Claude
B19: WHO IT'S FOR
B20: Built for both technical and non-technical users — product managers writing the executive summary, and analysts filling in the KPI tracking, working from the same file.
B24: Built by Simran Tiwari — simrant.github.io

Sheet Read Me
B2: How to use this template
B4: 1. Start with Project Details
B5: Fill in the hypothesis and success metrics before you launch — deciding what "success" looks like after the fact is how good analyses turn into bad ones.
B7: 2. Track the Release Timeline
B8: One row per phase. The Status dropdown color-codes itself, so a glance at the tab tells you where things stand.
B10: 3. Log KPI Tracking weekly
B11: Same metrics every week, same units. The Before vs. After Comparison and Weekly Trends chart both pull from this tab automatically.
B13: 4. Fill Insights, Risks, and Recommendations as you go
B14: Don't wait until the end — the best insights get lost if you wait for the retro to write them down.
B16: 5. Executive Summary writes most of itself
B17: Every number on it is a formula pulling from KPI Tracking and Before vs. After. You only need to fill in the two verdict cells at the bottom.
B19: 6. Use the AI Prompts tab when you export
... B23: Most impact-analysis templates are either a blank table or a rigid dashboard that only works for one kind of launch. This one separates the raw log (KPI Tracking, Risks, Insights) from the synthesis (Executive Summary) so it works the same way whether you're analyzing an A/B test, a feature release, or a full product launch — and the AI Prompts tab means the handoff to a stakeholder-ready writeup takes minutes, not another meeting.

Sheet Project Details
B2: Project Details
B4: Project name | C4: New checkout flow experiment
B5: Owner
B6: Launch date | C6: 46174
B7: Analysis date | C7: 46213
B8: Hypothesis | C8: Reducing checkout from 4 steps to 2 will increase conversion rate without increasing cart abandonment.
B9: Success metrics | C9: Conversion Rate, Cart Abandonment Rate, Revenue per Visitor
B10: Stakeholders | C10: Product, Engineering, Growth
B11: Status | C11: In Progress

Sheet Release Timeline
B2: Release Timeline
B4: Phase | C4: Owner | D4: Start Date | E4: End Date | F4: Duration (days) | G4: Status
B5: Discovery & hypothesis | C5: Priya | D5: 46143 | E5: 46152 | F5: =E5-D5 -> 9 | G5: Complete
B6: Design & prototyping | C6: Diego | D6: 46153 | E6: 46162 | F6: =E6-D6 -> 9 | G6: Complete
B7: Build | C7: Engineering | D7: 46163 | E7: 46173 | F7: =E7-D7 -> 10 | G7: Complete
B8: Launch (10% rollout) | C8: Growth | D8: 46174 | E8: 46180 | F8: =E8-D8 -> 6 | G8: Complete
B9: Full rollout | C9: Growth | D9: 46181 | E9: 46194 | F9: =E9-D9 -> 13 | G9: In Progress
B10: Post-launch analysis | C10: Analyst | D10: 46195 | E10: 46213 | F10: =E10-D10 -> 18 | G10: Not Started

Sheet KPI Tracking
B2: KPI Tracking
B4: Metric | C4: Target | D4: Week 1 | E4: Week 2 | F4: Week 3 | G4: Week 4 | H4: % vs Target
B5: Conversion Rate (%) | C5: 4.5 | D5: 3.8 | E5: 4.1 | F5: 4.4 | G5: 4.7 | H5: =G5/C5-1 -> 0.044444444
B6: Cart Abandonment (%) | C6: 62 | D6: 68 | E6: 65 | F6: 63 | G6: 61 | H6: =G6/C6-1 -> -0.016129032
B7: Revenue per Visitor ($) | C7: 3.2 | D7: 2.85 | E7: 3.05 | F7: 3.15 | G7: 3.35 | H7: =G7/C7-1 -> 0.046875
B8: Daily Active Users | C8: 12000 | D8: 11400 | E8: 11800 | F8: 12100 | G8: 12600 | H8: =G8/C8-1 -> 0.05
B9: Support Tickets (checkout) | C9: 40 | D9: 58 | E9: 51 | F9: 44 | G9: 38 | H9: =G9/C9-1 -> -0.05

Sheet Before vs After
B2: Before vs. After Comparison
B4: Metric | C4: Before | D4: After | E4: % Change | F4: Notes
B5: ='KPI Tracking'!B5 -> Conversion Rate (%) | C5: ='KPI Tracking'!D5 -> 3.8 | D5: ='KPI Tracking'!G5 -> 4.7 | E5: =(D5-C5)/C5 -> 0.23684211 | F5: Hypothesis confirmed — fewer steps converted more visitors.
B6: ='KPI Tracking'!B6 -> Cart Abandonment (%) | C6: ='KPI Tracking'!D6 -> 68 | D6: ='KPI Tracking'!G6 -> 61 | E6: =(D6-C6)/C6 -> -0.10294118 | F6: Slightly worse than hoped; watch closely during full rollout.
B7: ='KPI Tracking'!B7 -> Revenue per Visitor ($) | C7: ='KPI Tracking'!D7 -> 2.85 | D7: ='KPI Tracking'!G7 -> 3.35 | E7: =(D7-C7)/C7 -> 0.1754386 | F7: Strong lift, driven by the conversion rate gain.
B8: ='KPI Tracking'!B8 -> Daily Active Users | C8: ='KPI Tracking'!D8 -> 11400 | D8: ='KPI Tracking'!G8 -> 12600 | E8: =(D8-C8)/C8 -> 0.10526316 | F8: Grew in line with normal traffic trends, not launch-driven.
B9: ='KPI Tracking'!B9 -> Support Tickets (checkout) | C9: ='KPI Tracking'!D9 -> 58 | D9: ='KPI Tracking'!G9 -> 38 | E9: =(D9-C9)/C9 -> -0.34482759 | F9: Spike during rollout week, tapering off as UI settled.

Sheet Weekly Trends
B2: Weekly Trends
B3: Charted straight from KPI Tracking — update that tab and this redraws itself.
B25: Normalized index (Week 1 = 100)
B27: Metric | C27: Week 1 | D27: Week 2 | E27: Week 3 | F27: Week 4
B28: ='KPI Tracking'!B5 -> Conversion Rate (%) | C28: ='KPI Tracking'!D5/'KPI Tracking'!D5*100 -> 100 | D28: ='KPI Tracking'!E5/'KPI Tracking'!D5*100 -> 107.89474 | E28: ='KPI Tracking'!F5/'KPI Tracking'!D5*100 -> 115.78947 | F28: ='KPI Tracking'!G5/'KPI Tracking'!D5*100 -> 123.68421
B29: ='KPI Tracking'!B6 -> Cart Abandonment (%) | C29: ='KPI Tracking'!D6/'KPI Tracking'!D6*100 -> 100 | D29: ='KPI Tracking'!E6/'KPI Tracking'!D6*100 -> 95.588235 | E29: ='KPI Tracking'!F6/'KPI Tracking'!D6*100 -> 92.647059 | F29: ='KPI Tracking'!G6/'KPI Tracking'!D6*100 -> 89.705882
B30: ='KPI Tracking'!B7 -> Revenue per Visitor ($) | C30: ='KPI Tracking'!D7/'KPI Tracking'!D7*100 -> 100 | D30: ='KPI Tracking'!E7/'KPI Tracking'!D7*100 -> 107.01754 | E30: ='KPI Tracking'!F7/'KPI Tracking'!D7*100 -> 110.52632 | F30: ='KPI Tracking'!G7/'KPI Tracking'!D7*100 -> 117.54386
B31: ='KPI Tracking'!B8 -> Daily Active Users | C31: ='KPI Tracking'!D8/'KPI Tracking'!D8*100 -> 100 | D31: ='KPI Tracking'!E8/'KPI Tracking'!D8*100 -> 103.50877 | E31: ='KPI Tracking'!F8/'KPI Tracking'!D8*100 -> 106.14035 | F31: ='KPI Tracking'!G8/'KPI Tracking'!D8*100 -> 110.52632
B32: ='KPI Tracking'!B9 -> Support Tickets (checkout) | C32: ='KPI Tracking'!D9/'KPI Tracking'!D9*100 -> 100 | D32: ='KPI Tracking'!E9/'KPI Tracking'!D9*100 -> 87.931034 | E32: ='KPI Tracking'!F9/'KPI Tracking'!D9*100 -> 75.862069 | F32: ='KPI Tracking'!G9/'KPI Tracking'!D9*100 -> 65.517241

Sheet Insights
B2: Insights
B4: Insight | C4: Evidence | D4: Impact
B5: Shorter checkout converts better, but only after the second week | C5: Conversion rate dipped in Week 1 (3.8%) before climbing past baseline by Week 4 (4.7%) — users needed to get used to the new flow | D5: High
B6: Support tickets spiked during rollout, not after | C6: Tickets peaked at 58 in Week 1 and fell every week after — a rollout communication issue, not a lasting product problem | D6: Medium
B7: Cart abandonment improvement is smaller than the conversion gain | C7: Abandonment only fell from 68% to 61%, while conversion rose 24% relative — the two metrics aren't moving in lockstep | D7: Medium

Sheet Risks
B2: Risks
B4: Risk | C4: Likelihood | D4: Impact | E4: Risk Score | F4: Mitigation
B5: Full rollout repeats the Week 1 support spike | C5: Medium | D5: Medium | E5: =IF(C5="Low",1,IF(C5="Medium",2,3))*IF(D5="Low",1,IF(D5="Medium",2,3)) -> 4 | F5: Pre-write a support macro and give the team a heads-up before rollout expands
B6: Conversion gain doesn't hold once novelty wears off | C6: Low | D6: High | E6: =IF(C6="Low",1,IF(C6="Medium",2,3))*IF(D6="Low",1,IF(D6="Medium",2,3)) -> 3 | F6: Re-measure at the 60-day mark, not just 30
B7: Abandonment stays flat while conversion keeps rising | C7: Medium | D7: Low | E7: =IF(C7="Low",1,IF(C7="Medium",2,3))*IF(D7="Low",1,IF(D7="Medium",2,3)) -> 2 | F7: Watch for users converting on lower-intent visits — check downstream refund rate

Sheet Recommendations
B2: Recommendations
B4: Recommendation | C4: Owner | D4: Priority | E4: Status
B5: Proceed to 100% rollout | C5: Priya | D5: High | E5: In Progress
B6: Add a support macro before expanding rollout | C6: Support Lead | D6: High | E6: Not Started
B7: Re-measure conversion at 60 days, not just 30 | C7: Analyst | D7: Medium | E7: Not Started
B8: Investigate why abandonment isn't falling as fast as conversion is rising | C8: Diego | D8: Medium | E8: Not Started

Sheet Executive Summary
B2: Executive Summary
B3: ='Project Details'!C4&" — analyzed "&TEXT('Project Details'!C5,"mmm d, yyyy") -> New checkout flow experiment — analyzed Dec 30, 1899
B5: Conversion Rate | C5: Cart Abandonment | D5: Revenue / Visitor | E5: Daily Active Users
B6: ='Before vs After'!E5 -> 0.23684211 | C6: ='Before vs After'!E6 -> -0.10294118 | D6: ='Before vs After'!E7 -> 0.1754386 | E6: ='Before vs After'!E8 -> 0.10526316
B9: Top insight
B10: =Insights!B5 -> Shorter checkout converts better, but only after the second week
B12: Top risk
B13: =INDEX(Risks!B5:B7,MATCH(MAX(Risks!E5:E7),Risks!E5:E7,0)) -> Full rollout repeats the Week 1 support spike
B15: Top recommendation
B16: =Recommendations!B5 -> Proceed to 100% rollout
B18: Overall verdict (fill in)
B19: Ship it. The conversion gain outweighs the modest abandonment improvement, and the support spike was a rollout-communication issue, not a product flaw.

Sheet AI Prompts
B2: AI Prompts
B3: Export the tab mentioned, paste it into ChatGPT or Claude above the prompt, and send both together.
B5: Summarize the impact
B6: Export: KPI Tracking + Before vs After
B7: Paste your KPI Tracking and Before vs After tables above this prompt. Summarize the impact of this launch in 3 bullet points a busy exec would actually read, using the real numbers, not vague language like "significant improvement."
B9: Find risks I might be missing
B10: Export: KPI Tracking + Insights
B11: Paste your KPI Tracking and Insights tables above this prompt. Based on these trends, what risks or failure modes should I be watching for in the next 30 days that aren't already on my Risks tab? Be specific about which metric would move first as an early warning sign.
B13: Draft executive summary bullets
B14: Export: Before vs After + Insights
B15: Paste your Before vs After and Insights tables above this prompt. Write 4 executive summary bullets for a non-technical stakeholder audience, in plain language, leading with the business impact rather than the metric names.
B17: Suggest follow-up experiments
... B23: Paste one row of weekly data for a metric that declined above this prompt. Give me 3 plausible explanations for this decline, ranked by likelihood, and what data I'd need to check to confirm or rule out each one.
